<?xml version="1.0" encoding="UTF-8"?>
<beans xmlns="http://www.springframework.org/schema/beans"
	xmlns:xsi="http://www.w3.org/2001/XMLSchema-instance"
	xsi:schemaLocation="http://www.springframework.org/schema/beans http://www.springframework.org/schema/beans/spring-beans.xsd 
            http://camel.apache.org/schema/spring http://camel.apache.org/schema/spring/camel-spring.xsd">
     
    <bean id="activemq" class="org.apache.activemq.camel.component.ActiveMQComponent">
      <property name="brokerURL" value="tcp://localhost:61616"/>
   </bean>

	<camelContext id="defaultContext" xmlns="http://camel.apache.org/schema/spring" autoStartup="true">
		<route >
			<from uri="file://c:/twitterEvents" />
			<to uri="activemq:topic:twitterEventsOld"/>			
		</route>
	</camelContext>
</beans>