<?xml version="1.0" encoding="UTF-8"?>
<beans xmlns="http://www.springframework.org/schema/beans"
	xmlns:xsi="http://www.w3.org/2001/XMLSchema-instance"
	xsi:schemaLocation="http://www.springframework.org/schema/beans http://www.springframework.org/schema/beans/spring-beans.xsd 
            http://camel.apache.org/schema/spring http://camel.apache.org/schema/spring/camel-spring.xsd">

	<bean id="activemq" class="org.apache.activemq.camel.component.ActiveMQComponent">
		<property name="brokerURL" value="tcp://localhost:61616"/>
	</bean>

	<bean id="converter" class="events.gateway.Converter"/>

	<camelContext id="defaultContext" xmlns="http://camel.apache.org/schema/spring" autoStartup="true">
	
		<dataFormats>
			<json id="json" library="Jackson"/>
		</dataFormats>
		
		<route >
			<from uri="twitter://search/tweets?type=polling&amp;delay=5&amp;keywords=#starbucks&amp;accessToken=1388971128-mtMr4MeGxiDqSFIXJeucHTJkGSpIho2OdbzR7ti&amp;accessTokenSecret=beAuEN8mKODjScBAa98ChqpAEYbRUOEj9HCK34gApU6gX&amp;consumerKey=u6L44e32rSntCLYp83wMlhHX8&amp;consumerSecret=P9eZODZYYsHPAnvkuCqa62ffziBABBPfG3PskWSDqFZf5M9ZEo"/>
			<process ref="converter" />
			<marshal ref="json"/>
			<to uri="activemq:topic:twitterEvents"/>
		</route>
		
	</camelContext>
</beans>