<?xml version="1.0" encoding="UTF-8"?>
<beans xmlns="http://www.springframework.org/schema/beans"
	xmlns:xsi="http://www.w3.org/2001/XMLSchema-instance"
	xsi:schemaLocation="http://www.springframework.org/schema/beans http://www.springframework.org/schema/beans/spring-beans.xsd 
	http://camel.apache.org/schema/spring http://camel.apache.org/schema/spring/camel-spring.xsd">

	<bean id="map" class="org.openstreetmap.gui.jmapviewer.JMapViewer" />
	<bean id="tableModel" class="events.gui.TableModel" />

	<bean id="tabbedFrame" class="events.gui.TabbedFrame" depends-on="map, tableModel">
		<constructor-arg index="0" ref="tableModel" />
		<constructor-arg index="1" ref="map" />
	</bean>

	<bean id="receiverProcessor" class="events.gui.ReceiverProcessor" depends-on="map, tableModel">
		<constructor-arg index="0" ref="tableModel" />
		<constructor-arg index="1" ref="map" />
	</bean>

	<bean id="activemq" class="org.apache.activemq.camel.component.ActiveMQComponent">
		<property name="brokerURL" value="tcp://localhost:61616" />
	</bean>

	<camelContext id="defaultContext" xmlns="http://camel.apache.org/schema/spring" autoStartup="true">
	
		<dataFormats>
			<json id="json" library="Jackson" unmarshalTypeName="events.Tweet"/>
		</dataFormats>
		
		<route>
			<from uri="activemq:topic:twitterEvents" />
			<unmarshal ref="json"/>
			<to uri="bean:receiverProcessor" />
		</route>
		
		<route>
			<from uri="activemq:topic:twitterEventsOld" />
			<unmarshal ref="json"/>
			<to uri="bean:receiverProcessor" />
		</route>
	</camelContext>
</beans>